[
    {
      "id": 1,
      "tokenNumber": "TKN001",
      "customerName": "Victor Diaz",
      "orderId": "COD-1462265017",
      "orderDate": "2025-02-26",
      "paymentStatus": "Success",
      "orderStatus": "New Order",
      "items": [
        {
          "name": "Burger",
          "quantity": 2,
          "price": 5
        },
        {
          "name": "Fries",
          "quantity": 1,
          "price": 3
        }
      ]
    },
    {
      "id": 2,
      "tokenNumber": "TKN002",
      "customerName": "Sara Lee",
      "orderId": "COD-1462265018",
      "orderDate": "2025-03-01",
      "paymentStatus": "Success",
      "orderStatus": "Completed",
      "items": [
        {
          "name": "Pizza",
          "quantity": 1,
          "price": 10
        },
        {
          "name": "Coke",
          "quantity": 2,
          "price": 2
        }
      ]
    },
    {
        "id": 3,
        "tokenNumber": "TKN003",
        "customerName": "kaira Leo",
        "orderId": "COD-1462265019",
        "orderDate": "2025-03-15",
        "paymentStatus": "Success",
        "orderStatus": "Completed",
        "items": [
          {
            "name": "Pizza",
            "quantity": 2,
            "price": 50
          },
          {
            "name": "Colddrinks",
            "quantity": 2,
            "price": 30
          },
          {
            "name": "pasta",
            "quantity": 1,
            "price": 50
          },
          {
            "name": "cold coffee",
            "quantity": 2,
            "price": 99
          }
        ]
      }
  ]
  